"";"pais";"año";"estimacion";"cut_comuna";"comuna";"cut_region";"region"
"1";"ALEMANIA";"2022";44;2101;"Antofagasta";2;"Antofagasta"
"2";"ALEMANIA";"2022";19;2201;"Calama";2;"Antofagasta"
"3";"ALEMANIA";"2022";29;15101;"Arica";15;"Arica y Parinacota"
"4";"ALEMANIA";"2022";20;3101;"Copiapó";3;"Atacama"
"5";"ALEMANIA";"2022";139;8101;"Concepción";8;"Biobío"
"6";"ALEMANIA";"2022";31;4102;"Coquimbo";4;"Coquimbo"
"7";"ALEMANIA";"2022";80;4101;"La Serena";4;"Coquimbo"
"8";"ALEMANIA";"2022";119;9101;"Temuco";9;"La Araucanía"
"9";"ALEMANIA";"2022";18;6101;"Rancagua";6;"Libertador Gral. Bernardo O'Higgins"
"10";"ALEMANIA";"2022";57;10101;"Puerto Montt";10;"Los Lagos"
"11";"ALEMANIA";"2022";12;7301;"Curicó";7;"Maule"
"12";"ALEMANIA";"2022";60;7101;"Talca";7;"Maule"
"13";"ALEMANIA";"2022";4;13103;"Cerro Navia";13;"Metropolitana de Santiago"
"14";"ALEMANIA";"2022";93;13301;"Colina";13;"Metropolitana de Santiago"
"15";"ALEMANIA";"2022";8;13104;"Conchalí";13;"Metropolitana de Santiago"
"16";"ALEMANIA";"2022";22;13106;"Estación Central";13;"Metropolitana de Santiago"
"17";"ALEMANIA";"2022";16;13108;"Independencia";13;"Metropolitana de Santiago"
"18";"ALEMANIA";"2022";4;13109;"La Cisterna";13;"Metropolitana de Santiago"
"19";"ALEMANIA";"2022";106;13110;"La Florida";13;"Metropolitana de Santiago"
"20";"ALEMANIA";"2022";819;13114;"Las Condes";13;"Metropolitana de Santiago"
"21";"ALEMANIA";"2022";216;13115;"Lo Barnechea";13;"Metropolitana de Santiago"
"22";"ALEMANIA";"2022";1;13117;"Lo Prado";13;"Metropolitana de Santiago"
"23";"ALEMANIA";"2022";34;13118;"Macul";13;"Metropolitana de Santiago"
"24";"ALEMANIA";"2022";41;13119;"Maipú";13;"Metropolitana de Santiago"
"25";"ALEMANIA";"2022";6;13501;"Melipilla";13;"Metropolitana de Santiago"
"26";"ALEMANIA";"2022";90;13122;"Peñalolén";13;"Metropolitana de Santiago"
"27";"ALEMANIA";"2022";614;13123;"Providencia";13;"Metropolitana de Santiago"
"28";"ALEMANIA";"2022";11;13124;"Pudahuel";13;"Metropolitana de Santiago"
"29";"ALEMANIA";"2022";56;13201;"Puente Alto";13;"Metropolitana de Santiago"
"30";"ALEMANIA";"2022";19;13125;"Quilicura";13;"Metropolitana de Santiago"
"31";"ALEMANIA";"2022";16;13126;"Quinta Normal";13;"Metropolitana de Santiago"
"32";"ALEMANIA";"2022";46;13127;"Recoleta";13;"Metropolitana de Santiago"
"33";"ALEMANIA";"2022";27;13401;"San Bernardo";13;"Metropolitana de Santiago"
"34";"ALEMANIA";"2022";14;13129;"San Joaquín";13;"Metropolitana de Santiago"
"35";"ALEMANIA";"2022";23;13130;"San Miguel";13;"Metropolitana de Santiago"
"36";"ALEMANIA";"2022";362;13101;"Santiago";13;"Metropolitana de Santiago"
"37";"ALEMANIA";"2022";479;13132;"Vitacura";13;"Metropolitana de Santiago"
"38";"ALEMANIA";"2022";335;13120;"Ñuñoa";13;"Metropolitana de Santiago"
"39";"ALEMANIA";"2022";3;1107;"Alto Hospicio";1;"Tarapacá"
"40";"ALEMANIA";"2022";38;1101;"Iquique";1;"Tarapacá"
"41";"ALEMANIA";"2022";171;5101;"Valparaíso";5;"Valparaíso"
"42";"ALEMANIA";"2022";320;5109;"Viña del Mar";5;"Valparaíso"
"43";"ARGENTINA";"2022";1480;2101;"Antofagasta";2;"Antofagasta"
"44";"ARGENTINA";"2022";716;2201;"Calama";2;"Antofagasta"
"45";"ARGENTINA";"2022";386;15101;"Arica";15;"Arica y Parinacota"
"46";"ARGENTINA";"2022";422;3101;"Copiapó";3;"Atacama"
"47";"ARGENTINA";"2022";629;8101;"Concepción";8;"Biobío"
"48";"ARGENTINA";"2022";853;4102;"Coquimbo";4;"Coquimbo"
"49";"ARGENTINA";"2022";796;4101;"La Serena";4;"Coquimbo"
"50";"ARGENTINA";"2022";2017;9101;"Temuco";9;"La Araucanía"
"51";"ARGENTINA";"2022";740;6101;"Rancagua";6;"Libertador Gral. Bernardo O'Higgins"
"52";"ARGENTINA";"2022";1709;10101;"Puerto Montt";10;"Los Lagos"
"53";"ARGENTINA";"2022";428;7301;"Curicó";7;"Maule"
"54";"ARGENTINA";"2022";557;7101;"Talca";7;"Maule"
"55";"ARGENTINA";"2022";466;13103;"Cerro Navia";13;"Metropolitana de Santiago"
"56";"ARGENTINA";"2022";1461;13301;"Colina";13;"Metropolitana de Santiago"
"57";"ARGENTINA";"2022";411;13104;"Conchalí";13;"Metropolitana de Santiago"
"58";"ARGENTINA";"2022";558;13106;"Estación Central";13;"Metropolitana de Santiago"
"59";"ARGENTINA";"2022";439;13108;"Independencia";13;"Metropolitana de Santiago"
"60";"ARGENTINA";"2022";454;13109;"La Cisterna";13;"Metropolitana de Santiago"
"61";"ARGENTINA";"2022";1458;13110;"La Florida";13;"Metropolitana de Santiago"
"62";"ARGENTINA";"2022";5551;13114;"Las Condes";13;"Metropolitana de Santiago"
"63";"ARGENTINA";"2022";1752;13115;"Lo Barnechea";13;"Metropolitana de Santiago"
"64";"ARGENTINA";"2022";258;13117;"Lo Prado";13;"Metropolitana de Santiago"
"65";"ARGENTINA";"2022";518;13118;"Macul";13;"Metropolitana de Santiago"
"66";"ARGENTINA";"2022";1860;13119;"Maipú";13;"Metropolitana de Santiago"
"67";"ARGENTINA";"2022";386;13501;"Melipilla";13;"Metropolitana de Santiago"
"68";"ARGENTINA";"2022";993;13122;"Peñalolén";13;"Metropolitana de Santiago"
"69";"ARGENTINA";"2022";2121;13123;"Providencia";13;"Metropolitana de Santiago"
"70";"ARGENTINA";"2022";808;13124;"Pudahuel";13;"Metropolitana de Santiago"
"71";"ARGENTINA";"2022";2035;13201;"Puente Alto";13;"Metropolitana de Santiago"
"72";"ARGENTINA";"2022";872;13125;"Quilicura";13;"Metropolitana de Santiago"
"73";"ARGENTINA";"2022";466;13126;"Quinta Normal";13;"Metropolitana de Santiago"
"74";"ARGENTINA";"2022";648;13127;"Recoleta";13;"Metropolitana de Santiago"
"75";"ARGENTINA";"2022";1073;13401;"San Bernardo";13;"Metropolitana de Santiago"
"76";"ARGENTINA";"2022";452;13129;"San Joaquín";13;"Metropolitana de Santiago"
"77";"ARGENTINA";"2022";550;13130;"San Miguel";13;"Metropolitana de Santiago"
"78";"ARGENTINA";"2022";3326;13101;"Santiago";13;"Metropolitana de Santiago"
"79";"ARGENTINA";"2022";1399;13132;"Vitacura";13;"Metropolitana de Santiago"
"80";"ARGENTINA";"2022";1920;13120;"Ñuñoa";13;"Metropolitana de Santiago"
"81";"ARGENTINA";"2022";322;1107;"Alto Hospicio";1;"Tarapacá"
"82";"ARGENTINA";"2022";808;1101;"Iquique";1;"Tarapacá"
"83";"ARGENTINA";"2022";1401;5101;"Valparaíso";5;"Valparaíso"
"84";"ARGENTINA";"2022";2342;5109;"Viña del Mar";5;"Valparaíso"
"85";"BOLIVIA";"2022";15489;2101;"Antofagasta";2;"Antofagasta"
"86";"BOLIVIA";"2022";19945;2201;"Calama";2;"Antofagasta"
"87";"BOLIVIA";"2022";11564;15101;"Arica";15;"Arica y Parinacota"
"88";"BOLIVIA";"2022";5469;3101;"Copiapó";3;"Atacama"
"89";"BOLIVIA";"2022";82;8101;"Concepción";8;"Biobío"
"90";"BOLIVIA";"2022";711;4102;"Coquimbo";4;"Coquimbo"
"91";"BOLIVIA";"2022";525;4101;"La Serena";4;"Coquimbo"
"92";"BOLIVIA";"2022";96;9101;"Temuco";9;"La Araucanía"
"93";"BOLIVIA";"2022";337;6101;"Rancagua";6;"Libertador Gral. Bernardo O'Higgins"
"94";"BOLIVIA";"2022";69;10101;"Puerto Montt";10;"Los Lagos"
"95";"BOLIVIA";"2022";131;7301;"Curicó";7;"Maule"
"96";"BOLIVIA";"2022";97;7101;"Talca";7;"Maule"
"97";"BOLIVIA";"2022";300;13103;"Cerro Navia";13;"Metropolitana de Santiago"
"98";"BOLIVIA";"2022";1967;13301;"Colina";13;"Metropolitana de Santiago"
"99";"BOLIVIA";"2022";522;13104;"Conchalí";13;"Metropolitana de Santiago"
"100";"BOLIVIA";"2022";1189;13106;"Estación Central";13;"Metropolitana de Santiago"
"101";"BOLIVIA";"2022";1090;13108;"Independencia";13;"Metropolitana de Santiago"
"102";"BOLIVIA";"2022";205;13109;"La Cisterna";13;"Metropolitana de Santiago"
"103";"BOLIVIA";"2022";484;13110;"La Florida";13;"Metropolitana de Santiago"
"104";"BOLIVIA";"2022";990;13114;"Las Condes";13;"Metropolitana de Santiago"
"105";"BOLIVIA";"2022";488;13115;"Lo Barnechea";13;"Metropolitana de Santiago"
"106";"BOLIVIA";"2022";274;13117;"Lo Prado";13;"Metropolitana de Santiago"
"107";"BOLIVIA";"2022";234;13118;"Macul";13;"Metropolitana de Santiago"
"108";"BOLIVIA";"2022";364;13119;"Maipú";13;"Metropolitana de Santiago"
"109";"BOLIVIA";"2022";3756;13501;"Melipilla";13;"Metropolitana de Santiago"
"110";"BOLIVIA";"2022";470;13122;"Peñalolén";13;"Metropolitana de Santiago"
"111";"BOLIVIA";"2022";496;13123;"Providencia";13;"Metropolitana de Santiago"
"112";"BOLIVIA";"2022";380;13124;"Pudahuel";13;"Metropolitana de Santiago"
"113";"BOLIVIA";"2022";378;13201;"Puente Alto";13;"Metropolitana de Santiago"
"114";"BOLIVIA";"2022";379;13125;"Quilicura";13;"Metropolitana de Santiago"
"115";"BOLIVIA";"2022";319;13126;"Quinta Normal";13;"Metropolitana de Santiago"
"116";"BOLIVIA";"2022";2800;13127;"Recoleta";13;"Metropolitana de Santiago"
"117";"BOLIVIA";"2022";205;13401;"San Bernardo";13;"Metropolitana de Santiago"
"118";"BOLIVIA";"2022";207;13129;"San Joaquín";13;"Metropolitana de Santiago"
"119";"BOLIVIA";"2022";317;13130;"San Miguel";13;"Metropolitana de Santiago"
"120";"BOLIVIA";"2022";3664;13101;"Santiago";13;"Metropolitana de Santiago"
"121";"BOLIVIA";"2022";272;13132;"Vitacura";13;"Metropolitana de Santiago"
"122";"BOLIVIA";"2022";493;13120;"Ñuñoa";13;"Metropolitana de Santiago"
"123";"BOLIVIA";"2022";11216;1107;"Alto Hospicio";1;"Tarapacá"
"124";"BOLIVIA";"2022";18221;1101;"Iquique";1;"Tarapacá"
"125";"BOLIVIA";"2022";199;5101;"Valparaíso";5;"Valparaíso"
"126";"BOLIVIA";"2022";352;5109;"Viña del Mar";5;"Valparaíso"
"127";"BRASIL";"2022";377;2101;"Antofagasta";2;"Antofagasta"
"128";"BRASIL";"2022";146;2201;"Calama";2;"Antofagasta"
"129";"BRASIL";"2022";161;15101;"Arica";15;"Arica y Parinacota"
"130";"BRASIL";"2022";100;3101;"Copiapó";3;"Atacama"
"131";"BRASIL";"2022";252;8101;"Concepción";8;"Biobío"
"132";"BRASIL";"2022";147;4102;"Coquimbo";4;"Coquimbo"
"133";"BRASIL";"2022";177;4101;"La Serena";4;"Coquimbo"
"134";"BRASIL";"2022";211;9101;"Temuco";9;"La Araucanía"
"135";"BRASIL";"2022";166;6101;"Rancagua";6;"Libertador Gral. Bernardo O'Higgins"
"136";"BRASIL";"2022";120;10101;"Puerto Montt";10;"Los Lagos"
"137";"BRASIL";"2022";96;7301;"Curicó";7;"Maule"
"138";"BRASIL";"2022";212;7101;"Talca";7;"Maule"
"139";"BRASIL";"2022";58;13103;"Cerro Navia";13;"Metropolitana de Santiago"
"140";"BRASIL";"2022";344;13301;"Colina";13;"Metropolitana de Santiago"
"141";"BRASIL";"2022";89;13104;"Conchalí";13;"Metropolitana de Santiago"
"142";"BRASIL";"2022";201;13106;"Estación Central";13;"Metropolitana de Santiago"
"143";"BRASIL";"2022";178;13108;"Independencia";13;"Metropolitana de Santiago"
"144";"BRASIL";"2022";108;13109;"La Cisterna";13;"Metropolitana de Santiago"
"145";"BRASIL";"2022";452;13110;"La Florida";13;"Metropolitana de Santiago"
"146";"BRASIL";"2022";2525;13114;"Las Condes";13;"Metropolitana de Santiago"
"147";"BRASIL";"2022";580;13115;"Lo Barnechea";13;"Metropolitana de Santiago"
"148";"BRASIL";"2022";63;13117;"Lo Prado";13;"Metropolitana de Santiago"
"149";"BRASIL";"2022";261;13118;"Macul";13;"Metropolitana de Santiago"
"150";"BRASIL";"2022";533;13119;"Maipú";13;"Metropolitana de Santiago"
"151";"BRASIL";"2022";91;13501;"Melipilla";13;"Metropolitana de Santiago"
"152";"BRASIL";"2022";262;13122;"Peñalolén";13;"Metropolitana de Santiago"
"153";"BRASIL";"2022";1072;13123;"Providencia";13;"Metropolitana de Santiago"
"154";"BRASIL";"2022";146;13124;"Pudahuel";13;"Metropolitana de Santiago"
"155";"BRASIL";"2022";420;13201;"Puente Alto";13;"Metropolitana de Santiago"
"156";"BRASIL";"2022";221;13125;"Quilicura";13;"Metropolitana de Santiago"
"157";"BRASIL";"2022";136;13126;"Quinta Normal";13;"Metropolitana de Santiago"
"158";"BRASIL";"2022";230;13127;"Recoleta";13;"Metropolitana de Santiago"
"159";"BRASIL";"2022";186;13401;"San Bernardo";13;"Metropolitana de Santiago"
"160";"BRASIL";"2022";102;13129;"San Joaquín";13;"Metropolitana de Santiago"
"161";"BRASIL";"2022";248;13130;"San Miguel";13;"Metropolitana de Santiago"
"162";"BRASIL";"2022";1911;13101;"Santiago";13;"Metropolitana de Santiago"
"163";"BRASIL";"2022";584;13132;"Vitacura";13;"Metropolitana de Santiago"
"164";"BRASIL";"2022";898;13120;"Ñuñoa";13;"Metropolitana de Santiago"
"165";"BRASIL";"2022";55;1107;"Alto Hospicio";1;"Tarapacá"
"166";"BRASIL";"2022";240;1101;"Iquique";1;"Tarapacá"
"167";"BRASIL";"2022";250;5101;"Valparaíso";5;"Valparaíso"
"168";"BRASIL";"2022";458;5109;"Viña del Mar";5;"Valparaíso"
"169";"CHINA";"2022";221;2101;"Antofagasta";2;"Antofagasta"
"170";"CHINA";"2022";116;2201;"Calama";2;"Antofagasta"
"171";"CHINA";"2022";45;15101;"Arica";15;"Arica y Parinacota"
"172";"CHINA";"2022";97;3101;"Copiapó";3;"Atacama"
"173";"CHINA";"2022";104;8101;"Concepción";8;"Biobío"
"174";"CHINA";"2022";194;4102;"Coquimbo";4;"Coquimbo"
"175";"CHINA";"2022";138;4101;"La Serena";4;"Coquimbo"
"176";"CHINA";"2022";142;9101;"Temuco";9;"La Araucanía"
"177";"CHINA";"2022";135;6101;"Rancagua";6;"Libertador Gral. Bernardo O'Higgins"
"178";"CHINA";"2022";48;10101;"Puerto Montt";10;"Los Lagos"
"179";"CHINA";"2022";49;7301;"Curicó";7;"Maule"
"180";"CHINA";"2022";112;7101;"Talca";7;"Maule"
"181";"CHINA";"2022";46;13103;"Cerro Navia";13;"Metropolitana de Santiago"
"182";"CHINA";"2022";99;13301;"Colina";13;"Metropolitana de Santiago"
"183";"CHINA";"2022";48;13104;"Conchalí";13;"Metropolitana de Santiago"
"184";"CHINA";"2022";277;13106;"Estación Central";13;"Metropolitana de Santiago"
"185";"CHINA";"2022";81;13108;"Independencia";13;"Metropolitana de Santiago"
"186";"CHINA";"2022";90;13109;"La Cisterna";13;"Metropolitana de Santiago"
"187";"CHINA";"2022";233;13110;"La Florida";13;"Metropolitana de Santiago"
"188";"CHINA";"2022";763;13114;"Las Condes";13;"Metropolitana de Santiago"
"189";"CHINA";"2022";127;13115;"Lo Barnechea";13;"Metropolitana de Santiago"
"190";"CHINA";"2022";30;13117;"Lo Prado";13;"Metropolitana de Santiago"
"191";"CHINA";"2022";68;13118;"Macul";13;"Metropolitana de Santiago"
"192";"CHINA";"2022";460;13119;"Maipú";13;"Metropolitana de Santiago"
"193";"CHINA";"2022";31;13501;"Melipilla";13;"Metropolitana de Santiago"
"194";"CHINA";"2022";146;13122;"Peñalolén";13;"Metropolitana de Santiago"
"195";"CHINA";"2022";402;13123;"Providencia";13;"Metropolitana de Santiago"
"196";"CHINA";"2022";152;13124;"Pudahuel";13;"Metropolitana de Santiago"
"197";"CHINA";"2022";371;13201;"Puente Alto";13;"Metropolitana de Santiago"
"198";"CHINA";"2022";201;13125;"Quilicura";13;"Metropolitana de Santiago"
"199";"CHINA";"2022";76;13126;"Quinta Normal";13;"Metropolitana de Santiago"
"200";"CHINA";"2022";149;13127;"Recoleta";13;"Metropolitana de Santiago"
"201";"CHINA";"2022";223;13401;"San Bernardo";13;"Metropolitana de Santiago"
"202";"CHINA";"2022";55;13129;"San Joaquín";13;"Metropolitana de Santiago"
"203";"CHINA";"2022";165;13130;"San Miguel";13;"Metropolitana de Santiago"
"204";"CHINA";"2022";3497;13101;"Santiago";13;"Metropolitana de Santiago"
"205";"CHINA";"2022";95;13132;"Vitacura";13;"Metropolitana de Santiago"
"206";"CHINA";"2022";301;13120;"Ñuñoa";13;"Metropolitana de Santiago"
"207";"CHINA";"2022";44;1107;"Alto Hospicio";1;"Tarapacá"
"208";"CHINA";"2022";1062;1101;"Iquique";1;"Tarapacá"
"209";"CHINA";"2022";143;5101;"Valparaíso";5;"Valparaíso"
"210";"CHINA";"2022";123;5109;"Viña del Mar";5;"Valparaíso"
"211";"COLOMBIA";"2022";26590;2101;"Antofagasta";2;"Antofagasta"
"212";"COLOMBIA";"2022";4417;2201;"Calama";2;"Antofagasta"
"213";"COLOMBIA";"2022";1653;15101;"Arica";15;"Arica y Parinacota"
"214";"COLOMBIA";"2022";2939;3101;"Copiapó";3;"Atacama"
"215";"COLOMBIA";"2022";1233;8101;"Concepción";8;"Biobío"
"216";"COLOMBIA";"2022";2503;4102;"Coquimbo";4;"Coquimbo"
"217";"COLOMBIA";"2022";2531;4101;"La Serena";4;"Coquimbo"
"218";"COLOMBIA";"2022";917;9101;"Temuco";9;"La Araucanía"
"219";"COLOMBIA";"2022";2153;6101;"Rancagua";6;"Libertador Gral. Bernardo O'Higgins"
"220";"COLOMBIA";"2022";1336;10101;"Puerto Montt";10;"Los Lagos"
"221";"COLOMBIA";"2022";813;7301;"Curicó";7;"Maule"
"222";"COLOMBIA";"2022";1060;7101;"Talca";7;"Maule"
"223";"COLOMBIA";"2022";1320;13103;"Cerro Navia";13;"Metropolitana de Santiago"
"224";"COLOMBIA";"2022";2154;13301;"Colina";13;"Metropolitana de Santiago"
"225";"COLOMBIA";"2022";1710;13104;"Conchalí";13;"Metropolitana de Santiago"
"226";"COLOMBIA";"2022";5154;13106;"Estación Central";13;"Metropolitana de Santiago"
"227";"COLOMBIA";"2022";8341;13108;"Independencia";13;"Metropolitana de Santiago"
"228";"COLOMBIA";"2022";1468;13109;"La Cisterna";13;"Metropolitana de Santiago"
"229";"COLOMBIA";"2022";3554;13110;"La Florida";13;"Metropolitana de Santiago"
"230";"COLOMBIA";"2022";3396;13114;"Las Condes";13;"Metropolitana de Santiago"
"231";"COLOMBIA";"2022";1071;13115;"Lo Barnechea";13;"Metropolitana de Santiago"
"232";"COLOMBIA";"2022";2094;13117;"Lo Prado";13;"Metropolitana de Santiago"
"233";"COLOMBIA";"2022";1715;13118;"Macul";13;"Metropolitana de Santiago"
"234";"COLOMBIA";"2022";3265;13119;"Maipú";13;"Metropolitana de Santiago"
"235";"COLOMBIA";"2022";674;13501;"Melipilla";13;"Metropolitana de Santiago"
"236";"COLOMBIA";"2022";2314;13122;"Peñalolén";13;"Metropolitana de Santiago"
"237";"COLOMBIA";"2022";1742;13123;"Providencia";13;"Metropolitana de Santiago"
"238";"COLOMBIA";"2022";2359;13124;"Pudahuel";13;"Metropolitana de Santiago"
"239";"COLOMBIA";"2022";2591;13201;"Puente Alto";13;"Metropolitana de Santiago"
"240";"COLOMBIA";"2022";1969;13125;"Quilicura";13;"Metropolitana de Santiago"
"241";"COLOMBIA";"2022";4351;13126;"Quinta Normal";13;"Metropolitana de Santiago"
"242";"COLOMBIA";"2022";2692;13127;"Recoleta";13;"Metropolitana de Santiago"
"243";"COLOMBIA";"2022";1074;13401;"San Bernardo";13;"Metropolitana de Santiago"
"244";"COLOMBIA";"2022";1706;13129;"San Joaquín";13;"Metropolitana de Santiago"
"245";"COLOMBIA";"2022";2908;13130;"San Miguel";13;"Metropolitana de Santiago"
"246";"COLOMBIA";"2022";28715;13101;"Santiago";13;"Metropolitana de Santiago"
"247";"COLOMBIA";"2022";727;13132;"Vitacura";13;"Metropolitana de Santiago"
"248";"COLOMBIA";"2022";3017;13120;"Ñuñoa";13;"Metropolitana de Santiago"
"249";"COLOMBIA";"2022";1623;1107;"Alto Hospicio";1;"Tarapacá"
"250";"COLOMBIA";"2022";3851;1101;"Iquique";1;"Tarapacá"
"251";"COLOMBIA";"2022";1316;5101;"Valparaíso";5;"Valparaíso"
"252";"COLOMBIA";"2022";1754;5109;"Viña del Mar";5;"Valparaíso"
"253";"CUBA";"2022";354;2101;"Antofagasta";2;"Antofagasta"
"254";"CUBA";"2022";100;2201;"Calama";2;"Antofagasta"
"255";"CUBA";"2022";638;15101;"Arica";15;"Arica y Parinacota"
"256";"CUBA";"2022";350;3101;"Copiapó";3;"Atacama"
"257";"CUBA";"2022";219;8101;"Concepción";8;"Biobío"
"258";"CUBA";"2022";76;4102;"Coquimbo";4;"Coquimbo"
"259";"CUBA";"2022";154;4101;"La Serena";4;"Coquimbo"
"260";"CUBA";"2022";214;9101;"Temuco";9;"La Araucanía"
"261";"CUBA";"2022";519;6101;"Rancagua";6;"Libertador Gral. Bernardo O'Higgins"
"262";"CUBA";"2022";97;10101;"Puerto Montt";10;"Los Lagos"
"263";"CUBA";"2022";150;7301;"Curicó";7;"Maule"
"264";"CUBA";"2022";341;7101;"Talca";7;"Maule"
"265";"CUBA";"2022";33;13103;"Cerro Navia";13;"Metropolitana de Santiago"
"266";"CUBA";"2022";221;13301;"Colina";13;"Metropolitana de Santiago"
"267";"CUBA";"2022";44;13104;"Conchalí";13;"Metropolitana de Santiago"
"268";"CUBA";"2022";335;13106;"Estación Central";13;"Metropolitana de Santiago"
"269";"CUBA";"2022";244;13108;"Independencia";13;"Metropolitana de Santiago"
"270";"CUBA";"2022";101;13109;"La Cisterna";13;"Metropolitana de Santiago"
"271";"CUBA";"2022";469;13110;"La Florida";13;"Metropolitana de Santiago"
"272";"CUBA";"2022";477;13114;"Las Condes";13;"Metropolitana de Santiago"
"273";"CUBA";"2022";49;13115;"Lo Barnechea";13;"Metropolitana de Santiago"
"274";"CUBA";"2022";50;13117;"Lo Prado";13;"Metropolitana de Santiago"
"275";"CUBA";"2022";253;13118;"Macul";13;"Metropolitana de Santiago"
"276";"CUBA";"2022";255;13119;"Maipú";13;"Metropolitana de Santiago"
"277";"CUBA";"2022";165;13501;"Melipilla";13;"Metropolitana de Santiago"
"278";"CUBA";"2022";241;13122;"Peñalolén";13;"Metropolitana de Santiago"
"279";"CUBA";"2022";503;13123;"Providencia";13;"Metropolitana de Santiago"
"280";"CUBA";"2022";175;13124;"Pudahuel";13;"Metropolitana de Santiago"
"281";"CUBA";"2022";304;13201;"Puente Alto";13;"Metropolitana de Santiago"
"282";"CUBA";"2022";151;13125;"Quilicura";13;"Metropolitana de Santiago"
"283";"CUBA";"2022";165;13126;"Quinta Normal";13;"Metropolitana de Santiago"
"284";"CUBA";"2022";134;13127;"Recoleta";13;"Metropolitana de Santiago"
"285";"CUBA";"2022";81;13401;"San Bernardo";13;"Metropolitana de Santiago"
"286";"CUBA";"2022";63;13129;"San Joaquín";13;"Metropolitana de Santiago"
"287";"CUBA";"2022";358;13130;"San Miguel";13;"Metropolitana de Santiago"
"288";"CUBA";"2022";2262;13101;"Santiago";13;"Metropolitana de Santiago"
"289";"CUBA";"2022";58;13132;"Vitacura";13;"Metropolitana de Santiago"
"290";"CUBA";"2022";781;13120;"Ñuñoa";13;"Metropolitana de Santiago"
"291";"CUBA";"2022";341;1107;"Alto Hospicio";1;"Tarapacá"
"292";"CUBA";"2022";1657;1101;"Iquique";1;"Tarapacá"
"293";"CUBA";"2022";305;5101;"Valparaíso";5;"Valparaíso"
"294";"CUBA";"2022";256;5109;"Viña del Mar";5;"Valparaíso"
"295";"ECUADOR";"2022";1874;2101;"Antofagasta";2;"Antofagasta"
"296";"ECUADOR";"2022";385;2201;"Calama";2;"Antofagasta"
"297";"ECUADOR";"2022";556;15101;"Arica";15;"Arica y Parinacota"
"298";"ECUADOR";"2022";641;3101;"Copiapó";3;"Atacama"
"299";"ECUADOR";"2022";354;8101;"Concepción";8;"Biobío"
"300";"ECUADOR";"2022";582;4102;"Coquimbo";4;"Coquimbo"
"301";"ECUADOR";"2022";290;4101;"La Serena";4;"Coquimbo"
"302";"ECUADOR";"2022";308;9101;"Temuco";9;"La Araucanía"
"303";"ECUADOR";"2022";576;6101;"Rancagua";6;"Libertador Gral. Bernardo O'Higgins"
"304";"ECUADOR";"2022";291;10101;"Puerto Montt";10;"Los Lagos"
"305";"ECUADOR";"2022";316;7301;"Curicó";7;"Maule"
"306";"ECUADOR";"2022";292;7101;"Talca";7;"Maule"
"307";"ECUADOR";"2022";469;13103;"Cerro Navia";13;"Metropolitana de Santiago"
"308";"ECUADOR";"2022";777;13301;"Colina";13;"Metropolitana de Santiago"
"309";"ECUADOR";"2022";431;13104;"Conchalí";13;"Metropolitana de Santiago"
"310";"ECUADOR";"2022";1112;13106;"Estación Central";13;"Metropolitana de Santiago"
"311";"ECUADOR";"2022";1612;13108;"Independencia";13;"Metropolitana de Santiago"
"312";"ECUADOR";"2022";381;13109;"La Cisterna";13;"Metropolitana de Santiago"
"313";"ECUADOR";"2022";1193;13110;"La Florida";13;"Metropolitana de Santiago"
"314";"ECUADOR";"2022";1012;13114;"Las Condes";13;"Metropolitana de Santiago"
"315";"ECUADOR";"2022";264;13115;"Lo Barnechea";13;"Metropolitana de Santiago"
"316";"ECUADOR";"2022";355;13117;"Lo Prado";13;"Metropolitana de Santiago"
"317";"ECUADOR";"2022";386;13118;"Macul";13;"Metropolitana de Santiago"
"318";"ECUADOR";"2022";1747;13119;"Maipú";13;"Metropolitana de Santiago"
"319";"ECUADOR";"2022";190;13501;"Melipilla";13;"Metropolitana de Santiago"
"320";"ECUADOR";"2022";662;13122;"Peñalolén";13;"Metropolitana de Santiago"
"321";"ECUADOR";"2022";573;13123;"Providencia";13;"Metropolitana de Santiago"
"322";"ECUADOR";"2022";675;13124;"Pudahuel";13;"Metropolitana de Santiago"
"323";"ECUADOR";"2022";1326;13201;"Puente Alto";13;"Metropolitana de Santiago"
"324";"ECUADOR";"2022";558;13125;"Quilicura";13;"Metropolitana de Santiago"
"325";"ECUADOR";"2022";876;13126;"Quinta Normal";13;"Metropolitana de Santiago"
"326";"ECUADOR";"2022";1196;13127;"Recoleta";13;"Metropolitana de Santiago"
"327";"ECUADOR";"2022";688;13401;"San Bernardo";13;"Metropolitana de Santiago"
"328";"ECUADOR";"2022";448;13129;"San Joaquín";13;"Metropolitana de Santiago"
"329";"ECUADOR";"2022";564;13130;"San Miguel";13;"Metropolitana de Santiago"
"330";"ECUADOR";"2022";5056;13101;"Santiago";13;"Metropolitana de Santiago"
"331";"ECUADOR";"2022";271;13132;"Vitacura";13;"Metropolitana de Santiago"
"332";"ECUADOR";"2022";822;13120;"Ñuñoa";13;"Metropolitana de Santiago"
"333";"ECUADOR";"2022";669;1107;"Alto Hospicio";1;"Tarapacá"
"334";"ECUADOR";"2022";1284;1101;"Iquique";1;"Tarapacá"
"335";"ECUADOR";"2022";380;5101;"Valparaíso";5;"Valparaíso"
"336";"ECUADOR";"2022";531;5109;"Viña del Mar";5;"Valparaíso"
"337";"ESPAÑA";"2022";357;2101;"Antofagasta";2;"Antofagasta"
"338";"ESPAÑA";"2022";115;2201;"Calama";2;"Antofagasta"
"339";"ESPAÑA";"2022";115;15101;"Arica";15;"Arica y Parinacota"
"340";"ESPAÑA";"2022";67;3101;"Copiapó";3;"Atacama"
"341";"ESPAÑA";"2022";306;8101;"Concepción";8;"Biobío"
"342";"ESPAÑA";"2022";156;4102;"Coquimbo";4;"Coquimbo"
"343";"ESPAÑA";"2022";304;4101;"La Serena";4;"Coquimbo"
"344";"ESPAÑA";"2022";263;9101;"Temuco";9;"La Araucanía"
"345";"ESPAÑA";"2022";120;6101;"Rancagua";6;"Libertador Gral. Bernardo O'Higgins"
"346";"ESPAÑA";"2022";98;10101;"Puerto Montt";10;"Los Lagos"
"347";"ESPAÑA";"2022";103;7301;"Curicó";7;"Maule"
"348";"ESPAÑA";"2022";238;7101;"Talca";7;"Maule"
"349";"ESPAÑA";"2022";31;13103;"Cerro Navia";13;"Metropolitana de Santiago"
"350";"ESPAÑA";"2022";259;13301;"Colina";13;"Metropolitana de Santiago"
"351";"ESPAÑA";"2022";41;13104;"Conchalí";13;"Metropolitana de Santiago"
"352";"ESPAÑA";"2022";80;13106;"Estación Central";13;"Metropolitana de Santiago"
"353";"ESPAÑA";"2022";87;13108;"Independencia";13;"Metropolitana de Santiago"
"354";"ESPAÑA";"2022";59;13109;"La Cisterna";13;"Metropolitana de Santiago"
"355";"ESPAÑA";"2022";234;13110;"La Florida";13;"Metropolitana de Santiago"
"356";"ESPAÑA";"2022";3452;13114;"Las Condes";13;"Metropolitana de Santiago"
"357";"ESPAÑA";"2022";685;13115;"Lo Barnechea";13;"Metropolitana de Santiago"
"358";"ESPAÑA";"2022";33;13117;"Lo Prado";13;"Metropolitana de Santiago"
"359";"ESPAÑA";"2022";118;13118;"Macul";13;"Metropolitana de Santiago"
"360";"ESPAÑA";"2022";217;13119;"Maipú";13;"Metropolitana de Santiago"
"361";"ESPAÑA";"2022";71;13501;"Melipilla";13;"Metropolitana de Santiago"
"362";"ESPAÑA";"2022";205;13122;"Peñalolén";13;"Metropolitana de Santiago"
"363";"ESPAÑA";"2022";1758;13123;"Providencia";13;"Metropolitana de Santiago"
"364";"ESPAÑA";"2022";62;13124;"Pudahuel";13;"Metropolitana de Santiago"
"365";"ESPAÑA";"2022";174;13201;"Puente Alto";13;"Metropolitana de Santiago"
"366";"ESPAÑA";"2022";85;13125;"Quilicura";13;"Metropolitana de Santiago"
"367";"ESPAÑA";"2022";69;13126;"Quinta Normal";13;"Metropolitana de Santiago"
"368";"ESPAÑA";"2022";113;13127;"Recoleta";13;"Metropolitana de Santiago"
"369";"ESPAÑA";"2022";91;13401;"San Bernardo";13;"Metropolitana de Santiago"
"370";"ESPAÑA";"2022";56;13129;"San Joaquín";13;"Metropolitana de Santiago"
"371";"ESPAÑA";"2022";158;13130;"San Miguel";13;"Metropolitana de Santiago"
"372";"ESPAÑA";"2022";1504;13101;"Santiago";13;"Metropolitana de Santiago"
"373";"ESPAÑA";"2022";868;13132;"Vitacura";13;"Metropolitana de Santiago"
"374";"ESPAÑA";"2022";928;13120;"Ñuñoa";13;"Metropolitana de Santiago"
"375";"ESPAÑA";"2022";29;1107;"Alto Hospicio";1;"Tarapacá"
"376";"ESPAÑA";"2022";138;1101;"Iquique";1;"Tarapacá"
"377";"ESPAÑA";"2022";463;5101;"Valparaíso";5;"Valparaíso"
"378";"ESPAÑA";"2022";763;5109;"Viña del Mar";5;"Valparaíso"
"379";"ESTADOS UNIDOS";"2022";234;2101;"Antofagasta";2;"Antofagasta"
"380";"ESTADOS UNIDOS";"2022";46;2201;"Calama";2;"Antofagasta"
"381";"ESTADOS UNIDOS";"2022";103;15101;"Arica";15;"Arica y Parinacota"
"382";"ESTADOS UNIDOS";"2022";33;3101;"Copiapó";3;"Atacama"
"383";"ESTADOS UNIDOS";"2022";255;8101;"Concepción";8;"Biobío"
"384";"ESTADOS UNIDOS";"2022";78;4102;"Coquimbo";4;"Coquimbo"
"385";"ESTADOS UNIDOS";"2022";132;4101;"La Serena";4;"Coquimbo"
"386";"ESTADOS UNIDOS";"2022";123;9101;"Temuco";9;"La Araucanía"
"387";"ESTADOS UNIDOS";"2022";146;6101;"Rancagua";6;"Libertador Gral. Bernardo O'Higgins"
"388";"ESTADOS UNIDOS";"2022";53;10101;"Puerto Montt";10;"Los Lagos"
"389";"ESTADOS UNIDOS";"2022";49;7301;"Curicó";7;"Maule"
"390";"ESTADOS UNIDOS";"2022";92;7101;"Talca";7;"Maule"
"391";"ESTADOS UNIDOS";"2022";20;13103;"Cerro Navia";13;"Metropolitana de Santiago"
"392";"ESTADOS UNIDOS";"2022";360;13301;"Colina";13;"Metropolitana de Santiago"
"393";"ESTADOS UNIDOS";"2022";27;13104;"Conchalí";13;"Metropolitana de Santiago"
"394";"ESTADOS UNIDOS";"2022";58;13106;"Estación Central";13;"Metropolitana de Santiago"
"395";"ESTADOS UNIDOS";"2022";38;13108;"Independencia";13;"Metropolitana de Santiago"
"396";"ESTADOS UNIDOS";"2022";53;13109;"La Cisterna";13;"Metropolitana de Santiago"
"397";"ESTADOS UNIDOS";"2022";230;13110;"La Florida";13;"Metropolitana de Santiago"
"398";"ESTADOS UNIDOS";"2022";2022;13114;"Las Condes";13;"Metropolitana de Santiago"
"399";"ESTADOS UNIDOS";"2022";1206;13115;"Lo Barnechea";13;"Metropolitana de Santiago"
"400";"ESTADOS UNIDOS";"2022";18;13117;"Lo Prado";13;"Metropolitana de Santiago"
"401";"ESTADOS UNIDOS";"2022";91;13118;"Macul";13;"Metropolitana de Santiago"
"402";"ESTADOS UNIDOS";"2022";274;13119;"Maipú";13;"Metropolitana de Santiago"
"403";"ESTADOS UNIDOS";"2022";24;13501;"Melipilla";13;"Metropolitana de Santiago"
"404";"ESTADOS UNIDOS";"2022";209;13122;"Peñalolén";13;"Metropolitana de Santiago"
"405";"ESTADOS UNIDOS";"2022";1022;13123;"Providencia";13;"Metropolitana de Santiago"
"406";"ESTADOS UNIDOS";"2022";54;13124;"Pudahuel";13;"Metropolitana de Santiago"
"407";"ESTADOS UNIDOS";"2022";137;13201;"Puente Alto";13;"Metropolitana de Santiago"
"408";"ESTADOS UNIDOS";"2022";77;13125;"Quilicura";13;"Metropolitana de Santiago"
"409";"ESTADOS UNIDOS";"2022";40;13126;"Quinta Normal";13;"Metropolitana de Santiago"
"410";"ESTADOS UNIDOS";"2022";145;13127;"Recoleta";13;"Metropolitana de Santiago"
"411";"ESTADOS UNIDOS";"2022";134;13401;"San Bernardo";13;"Metropolitana de Santiago"
"412";"ESTADOS UNIDOS";"2022";27;13129;"San Joaquín";13;"Metropolitana de Santiago"
"413";"ESTADOS UNIDOS";"2022";102;13130;"San Miguel";13;"Metropolitana de Santiago"
"414";"ESTADOS UNIDOS";"2022";753;13101;"Santiago";13;"Metropolitana de Santiago"
"415";"ESTADOS UNIDOS";"2022";884;13132;"Vitacura";13;"Metropolitana de Santiago"
"416";"ESTADOS UNIDOS";"2022";524;13120;"Ñuñoa";13;"Metropolitana de Santiago"
"417";"ESTADOS UNIDOS";"2022";18;1107;"Alto Hospicio";1;"Tarapacá"
"418";"ESTADOS UNIDOS";"2022";87;1101;"Iquique";1;"Tarapacá"
"419";"ESTADOS UNIDOS";"2022";288;5101;"Valparaíso";5;"Valparaíso"
"420";"ESTADOS UNIDOS";"2022";681;5109;"Viña del Mar";5;"Valparaíso"
"421";"FRANCIA";"2022";49;2101;"Antofagasta";2;"Antofagasta"
"422";"FRANCIA";"2022";9;2201;"Calama";2;"Antofagasta"
"423";"FRANCIA";"2022";24;15101;"Arica";15;"Arica y Parinacota"
"424";"FRANCIA";"2022";11;3101;"Copiapó";3;"Atacama"
"425";"FRANCIA";"2022";135;8101;"Concepción";8;"Biobío"
"426";"FRANCIA";"2022";37;4102;"Coquimbo";4;"Coquimbo"
"427";"FRANCIA";"2022";59;4101;"La Serena";4;"Coquimbo"
"428";"FRANCIA";"2022";38;9101;"Temuco";9;"La Araucanía"
"429";"FRANCIA";"2022";23;6101;"Rancagua";6;"Libertador Gral. Bernardo O'Higgins"
"430";"FRANCIA";"2022";26;10101;"Puerto Montt";10;"Los Lagos"
"431";"FRANCIA";"2022";43;7301;"Curicó";7;"Maule"
"432";"FRANCIA";"2022";33;7101;"Talca";7;"Maule"
"433";"FRANCIA";"2022";13;13103;"Cerro Navia";13;"Metropolitana de Santiago"
"434";"FRANCIA";"2022";150;13301;"Colina";13;"Metropolitana de Santiago"
"435";"FRANCIA";"2022";9;13104;"Conchalí";13;"Metropolitana de Santiago"
"436";"FRANCIA";"2022";12;13106;"Estación Central";13;"Metropolitana de Santiago"
"437";"FRANCIA";"2022";24;13108;"Independencia";13;"Metropolitana de Santiago"
"438";"FRANCIA";"2022";8;13109;"La Cisterna";13;"Metropolitana de Santiago"
"439";"FRANCIA";"2022";84;13110;"La Florida";13;"Metropolitana de Santiago"
"440";"FRANCIA";"2022";682;13114;"Las Condes";13;"Metropolitana de Santiago"
"441";"FRANCIA";"2022";126;13115;"Lo Barnechea";13;"Metropolitana de Santiago"
"442";"FRANCIA";"2022";5;13117;"Lo Prado";13;"Metropolitana de Santiago"
"443";"FRANCIA";"2022";29;13118;"Macul";13;"Metropolitana de Santiago"
"444";"FRANCIA";"2022";36;13119;"Maipú";13;"Metropolitana de Santiago"
"445";"FRANCIA";"2022";10;13501;"Melipilla";13;"Metropolitana de Santiago"
"446";"FRANCIA";"2022";72;13122;"Peñalolén";13;"Metropolitana de Santiago"
"447";"FRANCIA";"2022";877;13123;"Providencia";13;"Metropolitana de Santiago"
"448";"FRANCIA";"2022";18;13124;"Pudahuel";13;"Metropolitana de Santiago"
"449";"FRANCIA";"2022";29;13201;"Puente Alto";13;"Metropolitana de Santiago"
"450";"FRANCIA";"2022";31;13125;"Quilicura";13;"Metropolitana de Santiago"
"451";"FRANCIA";"2022";13;13126;"Quinta Normal";13;"Metropolitana de Santiago"
"452";"FRANCIA";"2022";53;13127;"Recoleta";13;"Metropolitana de Santiago"
"453";"FRANCIA";"2022";23;13401;"San Bernardo";13;"Metropolitana de Santiago"
"454";"FRANCIA";"2022";16;13129;"San Joaquín";13;"Metropolitana de Santiago"
"455";"FRANCIA";"2022";38;13130;"San Miguel";13;"Metropolitana de Santiago"
"456";"FRANCIA";"2022";636;13101;"Santiago";13;"Metropolitana de Santiago"
"457";"FRANCIA";"2022";890;13132;"Vitacura";13;"Metropolitana de Santiago"
"458";"FRANCIA";"2022";321;13120;"Ñuñoa";13;"Metropolitana de Santiago"
"459";"FRANCIA";"2022";4;1107;"Alto Hospicio";1;"Tarapacá"
"460";"FRANCIA";"2022";31;1101;"Iquique";1;"Tarapacá"
"461";"FRANCIA";"2022";218;5101;"Valparaíso";5;"Valparaíso"
"462";"FRANCIA";"2022";232;5109;"Viña del Mar";5;"Valparaíso"
"463";"HAITÍ";"2022";62;2101;"Antofagasta";2;"Antofagasta"
"464";"HAITÍ";"2022";42;2201;"Calama";2;"Antofagasta"
"465";"HAITÍ";"2022";31;15101;"Arica";15;"Arica y Parinacota"
"466";"HAITÍ";"2022";123;3101;"Copiapó";3;"Atacama"
"467";"HAITÍ";"2022";821;8101;"Concepción";8;"Biobío"
"468";"HAITÍ";"2022";2231;4102;"Coquimbo";4;"Coquimbo"
"469";"HAITÍ";"2022";647;4101;"La Serena";4;"Coquimbo"
"470";"HAITÍ";"2022";1738;9101;"Temuco";9;"La Araucanía"
"471";"HAITÍ";"2022";2365;6101;"Rancagua";6;"Libertador Gral. Bernardo O'Higgins"
"472";"HAITÍ";"2022";1763;10101;"Puerto Montt";10;"Los Lagos"
"473";"HAITÍ";"2022";4743;7301;"Curicó";7;"Maule"
"474";"HAITÍ";"2022";3455;7101;"Talca";7;"Maule"
"475";"HAITÍ";"2022";3787;13103;"Cerro Navia";13;"Metropolitana de Santiago"
"476";"HAITÍ";"2022";2599;13301;"Colina";13;"Metropolitana de Santiago"
"477";"HAITÍ";"2022";2918;13104;"Conchalí";13;"Metropolitana de Santiago"
"478";"HAITÍ";"2022";10421;13106;"Estación Central";13;"Metropolitana de Santiago"
"479";"HAITÍ";"2022";3074;13108;"Independencia";13;"Metropolitana de Santiago"
"480";"HAITÍ";"2022";1897;13109;"La Cisterna";13;"Metropolitana de Santiago"
"481";"HAITÍ";"2022";2098;13110;"La Florida";13;"Metropolitana de Santiago"
"482";"HAITÍ";"2022";140;13114;"Las Condes";13;"Metropolitana de Santiago"
"483";"HAITÍ";"2022";137;13115;"Lo Barnechea";13;"Metropolitana de Santiago"
"484";"HAITÍ";"2022";1642;13117;"Lo Prado";13;"Metropolitana de Santiago"
"485";"HAITÍ";"2022";564;13118;"Macul";13;"Metropolitana de Santiago"
"486";"HAITÍ";"2022";3081;13119;"Maipú";13;"Metropolitana de Santiago"
"487";"HAITÍ";"2022";4399;13501;"Melipilla";13;"Metropolitana de Santiago"
"488";"HAITÍ";"2022";1141;13122;"Peñalolén";13;"Metropolitana de Santiago"
"489";"HAITÍ";"2022";94;13123;"Providencia";13;"Metropolitana de Santiago"
"490";"HAITÍ";"2022";1780;13124;"Pudahuel";13;"Metropolitana de Santiago"
"491";"HAITÍ";"2022";1718;13201;"Puente Alto";13;"Metropolitana de Santiago"
"492";"HAITÍ";"2022";14667;13125;"Quilicura";13;"Metropolitana de Santiago"
"493";"HAITÍ";"2022";2522;13126;"Quinta Normal";13;"Metropolitana de Santiago"
"494";"HAITÍ";"2022";4482;13127;"Recoleta";13;"Metropolitana de Santiago"
"495";"HAITÍ";"2022";7756;13401;"San Bernardo";13;"Metropolitana de Santiago"
"496";"HAITÍ";"2022";1343;13129;"San Joaquín";13;"Metropolitana de Santiago"
"497";"HAITÍ";"2022";1030;13130;"San Miguel";13;"Metropolitana de Santiago"
"498";"HAITÍ";"2022";7328;13101;"Santiago";13;"Metropolitana de Santiago"
"499";"HAITÍ";"2022";31;13132;"Vitacura";13;"Metropolitana de Santiago"
"500";"HAITÍ";"2022";161;13120;"Ñuñoa";13;"Metropolitana de Santiago"
"501";"HAITÍ";"2022";85;1107;"Alto Hospicio";1;"Tarapacá"
"502";"HAITÍ";"2022";270;1101;"Iquique";1;"Tarapacá"
"503";"HAITÍ";"2022";1275;5101;"Valparaíso";5;"Valparaíso"
"504";"HAITÍ";"2022";920;5109;"Viña del Mar";5;"Valparaíso"
"505";"ITALIA";"2022";36;2101;"Antofagasta";2;"Antofagasta"
"506";"ITALIA";"2022";22;2201;"Calama";2;"Antofagasta"
"507";"ITALIA";"2022";36;15101;"Arica";15;"Arica y Parinacota"
"508";"ITALIA";"2022";35;3101;"Copiapó";3;"Atacama"
"509";"ITALIA";"2022";68;8101;"Concepción";8;"Biobío"
"510";"ITALIA";"2022";59;4102;"Coquimbo";4;"Coquimbo"
"511";"ITALIA";"2022";136;4101;"La Serena";4;"Coquimbo"
"512";"ITALIA";"2022";20;9101;"Temuco";9;"La Araucanía"
"513";"ITALIA";"2022";33;6101;"Rancagua";6;"Libertador Gral. Bernardo O'Higgins"
"514";"ITALIA";"2022";15;10101;"Puerto Montt";10;"Los Lagos"
"515";"ITALIA";"2022";44;7301;"Curicó";7;"Maule"
"516";"ITALIA";"2022";50;7101;"Talca";7;"Maule"
"517";"ITALIA";"2022";5;13103;"Cerro Navia";13;"Metropolitana de Santiago"
"518";"ITALIA";"2022";62;13301;"Colina";13;"Metropolitana de Santiago"
"519";"ITALIA";"2022";13;13104;"Conchalí";13;"Metropolitana de Santiago"
"520";"ITALIA";"2022";37;13106;"Estación Central";13;"Metropolitana de Santiago"
"521";"ITALIA";"2022";28;13108;"Independencia";13;"Metropolitana de Santiago"
"522";"ITALIA";"2022";45;13109;"La Cisterna";13;"Metropolitana de Santiago"
"523";"ITALIA";"2022";93;13110;"La Florida";13;"Metropolitana de Santiago"
"524";"ITALIA";"2022";771;13114;"Las Condes";13;"Metropolitana de Santiago"
"525";"ITALIA";"2022";122;13115;"Lo Barnechea";13;"Metropolitana de Santiago"
"526";"ITALIA";"2022";10;13117;"Lo Prado";13;"Metropolitana de Santiago"
"527";"ITALIA";"2022";46;13118;"Macul";13;"Metropolitana de Santiago"
"528";"ITALIA";"2022";71;13119;"Maipú";13;"Metropolitana de Santiago"
"529";"ITALIA";"2022";9;13501;"Melipilla";13;"Metropolitana de Santiago"
"530";"ITALIA";"2022";59;13122;"Peñalolén";13;"Metropolitana de Santiago"
"531";"ITALIA";"2022";373;13123;"Providencia";13;"Metropolitana de Santiago"
"532";"ITALIA";"2022";21;13124;"Pudahuel";13;"Metropolitana de Santiago"
"533";"ITALIA";"2022";62;13201;"Puente Alto";13;"Metropolitana de Santiago"
"534";"ITALIA";"2022";15;13125;"Quilicura";13;"Metropolitana de Santiago"
"535";"ITALIA";"2022";31;13126;"Quinta Normal";13;"Metropolitana de Santiago"
"536";"ITALIA";"2022";28;13127;"Recoleta";13;"Metropolitana de Santiago"
"537";"ITALIA";"2022";33;13401;"San Bernardo";13;"Metropolitana de Santiago"
"538";"ITALIA";"2022";32;13129;"San Joaquín";13;"Metropolitana de Santiago"
"539";"ITALIA";"2022";62;13130;"San Miguel";13;"Metropolitana de Santiago"
"540";"ITALIA";"2022";352;13101;"Santiago";13;"Metropolitana de Santiago"
"541";"ITALIA";"2022";170;13132;"Vitacura";13;"Metropolitana de Santiago"
"542";"ITALIA";"2022";196;13120;"Ñuñoa";13;"Metropolitana de Santiago"
"543";"ITALIA";"2022";6;1107;"Alto Hospicio";1;"Tarapacá"
"544";"ITALIA";"2022";28;1101;"Iquique";1;"Tarapacá"
"545";"ITALIA";"2022";106;5101;"Valparaíso";5;"Valparaíso"
"546";"ITALIA";"2022";197;5109;"Viña del Mar";5;"Valparaíso"
"547";"MÉXICO";"2022";140;2101;"Antofagasta";2;"Antofagasta"
"548";"MÉXICO";"2022";63;2201;"Calama";2;"Antofagasta"
"549";"MÉXICO";"2022";52;15101;"Arica";15;"Arica y Parinacota"
"550";"MÉXICO";"2022";24;3101;"Copiapó";3;"Atacama"
"551";"MÉXICO";"2022";127;8101;"Concepción";8;"Biobío"
"552";"MÉXICO";"2022";50;4102;"Coquimbo";4;"Coquimbo"
"553";"MÉXICO";"2022";56;4101;"La Serena";4;"Coquimbo"
"554";"MÉXICO";"2022";124;9101;"Temuco";9;"La Araucanía"
"555";"MÉXICO";"2022";53;6101;"Rancagua";6;"Libertador Gral. Bernardo O'Higgins"
"556";"MÉXICO";"2022";82;10101;"Puerto Montt";10;"Los Lagos"
"557";"MÉXICO";"2022";35;7301;"Curicó";7;"Maule"
"558";"MÉXICO";"2022";69;7101;"Talca";7;"Maule"
"559";"MÉXICO";"2022";14;13103;"Cerro Navia";13;"Metropolitana de Santiago"
"560";"MÉXICO";"2022";207;13301;"Colina";13;"Metropolitana de Santiago"
"561";"MÉXICO";"2022";23;13104;"Conchalí";13;"Metropolitana de Santiago"
"562";"MÉXICO";"2022";54;13106;"Estación Central";13;"Metropolitana de Santiago"
"563";"MÉXICO";"2022";40;13108;"Independencia";13;"Metropolitana de Santiago"
"564";"MÉXICO";"2022";37;13109;"La Cisterna";13;"Metropolitana de Santiago"
"565";"MÉXICO";"2022";134;13110;"La Florida";13;"Metropolitana de Santiago"
"566";"MÉXICO";"2022";905;13114;"Las Condes";13;"Metropolitana de Santiago"
"567";"MÉXICO";"2022";373;13115;"Lo Barnechea";13;"Metropolitana de Santiago"
"568";"MÉXICO";"2022";15;13117;"Lo Prado";13;"Metropolitana de Santiago"
"569";"MÉXICO";"2022";62;13118;"Macul";13;"Metropolitana de Santiago"
"570";"MÉXICO";"2022";116;13119;"Maipú";13;"Metropolitana de Santiago"
"571";"MÉXICO";"2022";23;13501;"Melipilla";13;"Metropolitana de Santiago"
"572";"MÉXICO";"2022";102;13122;"Peñalolén";13;"Metropolitana de Santiago"
"573";"MÉXICO";"2022";499;13123;"Providencia";13;"Metropolitana de Santiago"
"574";"MÉXICO";"2022";57;13124;"Pudahuel";13;"Metropolitana de Santiago"
"575";"MÉXICO";"2022";113;13201;"Puente Alto";13;"Metropolitana de Santiago"
"576";"MÉXICO";"2022";48;13125;"Quilicura";13;"Metropolitana de Santiago"
"577";"MÉXICO";"2022";36;13126;"Quinta Normal";13;"Metropolitana de Santiago"
"578";"MÉXICO";"2022";57;13127;"Recoleta";13;"Metropolitana de Santiago"
"579";"MÉXICO";"2022";55;13401;"San Bernardo";13;"Metropolitana de Santiago"
"580";"MÉXICO";"2022";27;13129;"San Joaquín";13;"Metropolitana de Santiago"
"581";"MÉXICO";"2022";83;13130;"San Miguel";13;"Metropolitana de Santiago"
"582";"MÉXICO";"2022";701;13101;"Santiago";13;"Metropolitana de Santiago"
"583";"MÉXICO";"2022";245;13132;"Vitacura";13;"Metropolitana de Santiago"
"584";"MÉXICO";"2022";298;13120;"Ñuñoa";13;"Metropolitana de Santiago"
"585";"MÉXICO";"2022";33;1107;"Alto Hospicio";1;"Tarapacá"
"586";"MÉXICO";"2022";50;1101;"Iquique";1;"Tarapacá"
"587";"MÉXICO";"2022";153;5101;"Valparaíso";5;"Valparaíso"
"588";"MÉXICO";"2022";221;5109;"Viña del Mar";5;"Valparaíso"
"589";"OTRO PAÍS";"2022";721;2101;"Antofagasta";2;"Antofagasta"
"590";"OTRO PAÍS";"2022";171;2201;"Calama";2;"Antofagasta"
"591";"OTRO PAÍS";"2022";275;15101;"Arica";15;"Arica y Parinacota"
"592";"OTRO PAÍS";"2022";237;3101;"Copiapó";3;"Atacama"
"593";"OTRO PAÍS";"2022";634;8101;"Concepción";8;"Biobío"
"594";"OTRO PAÍS";"2022";251;4102;"Coquimbo";4;"Coquimbo"
"595";"OTRO PAÍS";"2022";465;4101;"La Serena";4;"Coquimbo"
"596";"OTRO PAÍS";"2022";372;9101;"Temuco";9;"La Araucanía"
"597";"OTRO PAÍS";"2022";295;6101;"Rancagua";6;"Libertador Gral. Bernardo O'Higgins"
"598";"OTRO PAÍS";"2022";307;10101;"Puerto Montt";10;"Los Lagos"
"599";"OTRO PAÍS";"2022";181;7301;"Curicó";7;"Maule"
"600";"OTRO PAÍS";"2022";331;7101;"Talca";7;"Maule"
"601";"OTRO PAÍS";"2022";58;13103;"Cerro Navia";13;"Metropolitana de Santiago"
"602";"OTRO PAÍS";"2022";723;13301;"Colina";13;"Metropolitana de Santiago"
"603";"OTRO PAÍS";"2022";118;13104;"Conchalí";13;"Metropolitana de Santiago"
"604";"OTRO PAÍS";"2022";380;13106;"Estación Central";13;"Metropolitana de Santiago"
"605";"OTRO PAÍS";"2022";310;13108;"Independencia";13;"Metropolitana de Santiago"
"606";"OTRO PAÍS";"2022";144;13109;"La Cisterna";13;"Metropolitana de Santiago"
"607";"OTRO PAÍS";"2022";720;13110;"La Florida";13;"Metropolitana de Santiago"
"608";"OTRO PAÍS";"2022";5891;13114;"Las Condes";13;"Metropolitana de Santiago"
"609";"OTRO PAÍS";"2022";2079;13115;"Lo Barnechea";13;"Metropolitana de Santiago"
"610";"OTRO PAÍS";"2022";94;13117;"Lo Prado";13;"Metropolitana de Santiago"
"611";"OTRO PAÍS";"2022";341;13118;"Macul";13;"Metropolitana de Santiago"
"612";"OTRO PAÍS";"2022";646;13119;"Maipú";13;"Metropolitana de Santiago"
"613";"OTRO PAÍS";"2022";88;13501;"Melipilla";13;"Metropolitana de Santiago"
"614";"OTRO PAÍS";"2022";508;13122;"Peñalolén";13;"Metropolitana de Santiago"
"615";"OTRO PAÍS";"2022";2867;13123;"Providencia";13;"Metropolitana de Santiago"
"616";"OTRO PAÍS";"2022";234;13124;"Pudahuel";13;"Metropolitana de Santiago"
"617";"OTRO PAÍS";"2022";559;13201;"Puente Alto";13;"Metropolitana de Santiago"
"618";"OTRO PAÍS";"2022";206;13125;"Quilicura";13;"Metropolitana de Santiago"
"619";"OTRO PAÍS";"2022";174;13126;"Quinta Normal";13;"Metropolitana de Santiago"
"620";"OTRO PAÍS";"2022";768;13127;"Recoleta";13;"Metropolitana de Santiago"
"621";"OTRO PAÍS";"2022";306;13401;"San Bernardo";13;"Metropolitana de Santiago"
"622";"OTRO PAÍS";"2022";160;13129;"San Joaquín";13;"Metropolitana de Santiago"
"623";"OTRO PAÍS";"2022";406;13130;"San Miguel";13;"Metropolitana de Santiago"
"624";"OTRO PAÍS";"2022";3758;13101;"Santiago";13;"Metropolitana de Santiago"
"625";"OTRO PAÍS";"2022";1800;13132;"Vitacura";13;"Metropolitana de Santiago"
"626";"OTRO PAÍS";"2022";1847;13120;"Ñuñoa";13;"Metropolitana de Santiago"
"627";"OTRO PAÍS";"2022";125;1107;"Alto Hospicio";1;"Tarapacá"
"628";"OTRO PAÍS";"2022";1714;1101;"Iquique";1;"Tarapacá"
"629";"OTRO PAÍS";"2022";937;5101;"Valparaíso";5;"Valparaíso"
"630";"OTRO PAÍS";"2022";1393;5109;"Viña del Mar";5;"Valparaíso"
"631";"PARAGUAY";"2022";616;2101;"Antofagasta";2;"Antofagasta"
"632";"PARAGUAY";"2022";210;2201;"Calama";2;"Antofagasta"
"633";"PARAGUAY";"2022";56;15101;"Arica";15;"Arica y Parinacota"
"634";"PARAGUAY";"2022";80;3101;"Copiapó";3;"Atacama"
"635";"PARAGUAY";"2022";61;8101;"Concepción";8;"Biobío"
"636";"PARAGUAY";"2022";44;4102;"Coquimbo";4;"Coquimbo"
"637";"PARAGUAY";"2022";118;4101;"La Serena";4;"Coquimbo"
"638";"PARAGUAY";"2022";44;9101;"Temuco";9;"La Araucanía"
"639";"PARAGUAY";"2022";96;6101;"Rancagua";6;"Libertador Gral. Bernardo O'Higgins"
"640";"PARAGUAY";"2022";50;10101;"Puerto Montt";10;"Los Lagos"
"641";"PARAGUAY";"2022";16;7301;"Curicó";7;"Maule"
"642";"PARAGUAY";"2022";34;7101;"Talca";7;"Maule"
"643";"PARAGUAY";"2022";93;13103;"Cerro Navia";13;"Metropolitana de Santiago"
"644";"PARAGUAY";"2022";87;13301;"Colina";13;"Metropolitana de Santiago"
"645";"PARAGUAY";"2022";17;13104;"Conchalí";13;"Metropolitana de Santiago"
"646";"PARAGUAY";"2022";80;13106;"Estación Central";13;"Metropolitana de Santiago"
"647";"PARAGUAY";"2022";44;13108;"Independencia";13;"Metropolitana de Santiago"
"648";"PARAGUAY";"2022";26;13109;"La Cisterna";13;"Metropolitana de Santiago"
"649";"PARAGUAY";"2022";118;13110;"La Florida";13;"Metropolitana de Santiago"
"650";"PARAGUAY";"2022";193;13114;"Las Condes";13;"Metropolitana de Santiago"
"651";"PARAGUAY";"2022";70;13115;"Lo Barnechea";13;"Metropolitana de Santiago"
"652";"PARAGUAY";"2022";47;13117;"Lo Prado";13;"Metropolitana de Santiago"
"653";"PARAGUAY";"2022";38;13118;"Macul";13;"Metropolitana de Santiago"
"654";"PARAGUAY";"2022";94;13119;"Maipú";13;"Metropolitana de Santiago"
"655";"PARAGUAY";"2022";36;13501;"Melipilla";13;"Metropolitana de Santiago"
"656";"PARAGUAY";"2022";70;13122;"Peñalolén";13;"Metropolitana de Santiago"
"657";"PARAGUAY";"2022";95;13123;"Providencia";13;"Metropolitana de Santiago"
"658";"PARAGUAY";"2022";94;13124;"Pudahuel";13;"Metropolitana de Santiago"
"659";"PARAGUAY";"2022";76;13201;"Puente Alto";13;"Metropolitana de Santiago"
"660";"PARAGUAY";"2022";68;13125;"Quilicura";13;"Metropolitana de Santiago"
"661";"PARAGUAY";"2022";62;13126;"Quinta Normal";13;"Metropolitana de Santiago"
"662";"PARAGUAY";"2022";46;13127;"Recoleta";13;"Metropolitana de Santiago"
"663";"PARAGUAY";"2022";54;13401;"San Bernardo";13;"Metropolitana de Santiago"
"664";"PARAGUAY";"2022";37;13129;"San Joaquín";13;"Metropolitana de Santiago"
"665";"PARAGUAY";"2022";44;13130;"San Miguel";13;"Metropolitana de Santiago"
"666";"PARAGUAY";"2022";369;13101;"Santiago";13;"Metropolitana de Santiago"
"667";"PARAGUAY";"2022";50;13132;"Vitacura";13;"Metropolitana de Santiago"
"668";"PARAGUAY";"2022";104;13120;"Ñuñoa";13;"Metropolitana de Santiago"
"669";"PARAGUAY";"2022";125;1107;"Alto Hospicio";1;"Tarapacá"
"670";"PARAGUAY";"2022";565;1101;"Iquique";1;"Tarapacá"
"671";"PARAGUAY";"2022";44;5101;"Valparaíso";5;"Valparaíso"
"672";"PARAGUAY";"2022";79;5109;"Viña del Mar";5;"Valparaíso"
"673";"PAÍS IGNORADO";"2022";92;2101;"Antofagasta";2;"Antofagasta"
"674";"PAÍS IGNORADO";"2022";65;2201;"Calama";2;"Antofagasta"
"675";"PAÍS IGNORADO";"2022";49;15101;"Arica";15;"Arica y Parinacota"
"676";"PAÍS IGNORADO";"2022";13;3101;"Copiapó";3;"Atacama"
"677";"PAÍS IGNORADO";"2022";26;8101;"Concepción";8;"Biobío"
"678";"PAÍS IGNORADO";"2022";52;4102;"Coquimbo";4;"Coquimbo"
"679";"PAÍS IGNORADO";"2022";30;4101;"La Serena";4;"Coquimbo"
"680";"PAÍS IGNORADO";"2022";34;9101;"Temuco";9;"La Araucanía"
"681";"PAÍS IGNORADO";"2022";15;6101;"Rancagua";6;"Libertador Gral. Bernardo O'Higgins"
"682";"PAÍS IGNORADO";"2022";17;10101;"Puerto Montt";10;"Los Lagos"
"683";"PAÍS IGNORADO";"2022";26;7301;"Curicó";7;"Maule"
"684";"PAÍS IGNORADO";"2022";37;7101;"Talca";7;"Maule"
"685";"PAÍS IGNORADO";"2022";34;13103;"Cerro Navia";13;"Metropolitana de Santiago"
"686";"PAÍS IGNORADO";"2022";49;13301;"Colina";13;"Metropolitana de Santiago"
"687";"PAÍS IGNORADO";"2022";76;13104;"Conchalí";13;"Metropolitana de Santiago"
"688";"PAÍS IGNORADO";"2022";105;13106;"Estación Central";13;"Metropolitana de Santiago"
"689";"PAÍS IGNORADO";"2022";102;13108;"Independencia";13;"Metropolitana de Santiago"
"690";"PAÍS IGNORADO";"2022";16;13109;"La Cisterna";13;"Metropolitana de Santiago"
"691";"PAÍS IGNORADO";"2022";74;13110;"La Florida";13;"Metropolitana de Santiago"
"692";"PAÍS IGNORADO";"2022";146;13114;"Las Condes";13;"Metropolitana de Santiago"
"693";"PAÍS IGNORADO";"2022";58;13115;"Lo Barnechea";13;"Metropolitana de Santiago"
"694";"PAÍS IGNORADO";"2022";21;13117;"Lo Prado";13;"Metropolitana de Santiago"
"695";"PAÍS IGNORADO";"2022";21;13118;"Macul";13;"Metropolitana de Santiago"
"696";"PAÍS IGNORADO";"2022";56;13119;"Maipú";13;"Metropolitana de Santiago"
"697";"PAÍS IGNORADO";"2022";33;13501;"Melipilla";13;"Metropolitana de Santiago"
"698";"PAÍS IGNORADO";"2022";31;13122;"Peñalolén";13;"Metropolitana de Santiago"
"699";"PAÍS IGNORADO";"2022";49;13123;"Providencia";13;"Metropolitana de Santiago"
"700";"PAÍS IGNORADO";"2022";38;13124;"Pudahuel";13;"Metropolitana de Santiago"
"701";"PAÍS IGNORADO";"2022";61;13201;"Puente Alto";13;"Metropolitana de Santiago"
"702";"PAÍS IGNORADO";"2022";128;13125;"Quilicura";13;"Metropolitana de Santiago"
"703";"PAÍS IGNORADO";"2022";38;13126;"Quinta Normal";13;"Metropolitana de Santiago"
"704";"PAÍS IGNORADO";"2022";164;13127;"Recoleta";13;"Metropolitana de Santiago"
"705";"PAÍS IGNORADO";"2022";83;13401;"San Bernardo";13;"Metropolitana de Santiago"
"706";"PAÍS IGNORADO";"2022";19;13129;"San Joaquín";13;"Metropolitana de Santiago"
"707";"PAÍS IGNORADO";"2022";32;13130;"San Miguel";13;"Metropolitana de Santiago"
"708";"PAÍS IGNORADO";"2022";354;13101;"Santiago";13;"Metropolitana de Santiago"
"709";"PAÍS IGNORADO";"2022";67;13132;"Vitacura";13;"Metropolitana de Santiago"
"710";"PAÍS IGNORADO";"2022";55;13120;"Ñuñoa";13;"Metropolitana de Santiago"
"711";"PAÍS IGNORADO";"2022";75;1107;"Alto Hospicio";1;"Tarapacá"
"712";"PAÍS IGNORADO";"2022";62;1101;"Iquique";1;"Tarapacá"
"713";"PAÍS IGNORADO";"2022";42;5101;"Valparaíso";5;"Valparaíso"
"714";"PAÍS IGNORADO";"2022";53;5109;"Viña del Mar";5;"Valparaíso"
"715";"PERÚ";"2022";10566;2101;"Antofagasta";2;"Antofagasta"
"716";"PERÚ";"2022";3463;2201;"Calama";2;"Antofagasta"
"717";"PERÚ";"2022";11566;15101;"Arica";15;"Arica y Parinacota"
"718";"PERÚ";"2022";1632;3101;"Copiapó";3;"Atacama"
"719";"PERÚ";"2022";662;8101;"Concepción";8;"Biobío"
"720";"PERÚ";"2022";895;4102;"Coquimbo";4;"Coquimbo"
"721";"PERÚ";"2022";993;4101;"La Serena";4;"Coquimbo"
"722";"PERÚ";"2022";417;9101;"Temuco";9;"La Araucanía"
"723";"PERÚ";"2022";666;6101;"Rancagua";6;"Libertador Gral. Bernardo O'Higgins"
"724";"PERÚ";"2022";303;10101;"Puerto Montt";10;"Los Lagos"
"725";"PERÚ";"2022";221;7301;"Curicó";7;"Maule"
"726";"PERÚ";"2022";276;7101;"Talca";7;"Maule"
"727";"PERÚ";"2022";3937;13103;"Cerro Navia";13;"Metropolitana de Santiago"
"728";"PERÚ";"2022";3033;13301;"Colina";13;"Metropolitana de Santiago"
"729";"PERÚ";"2022";7081;13104;"Conchalí";13;"Metropolitana de Santiago"
"730";"PERÚ";"2022";9782;13106;"Estación Central";13;"Metropolitana de Santiago"
"731";"PERÚ";"2022";18078;13108;"Independencia";13;"Metropolitana de Santiago"
"732";"PERÚ";"2022";1697;13109;"La Cisterna";13;"Metropolitana de Santiago"
"733";"PERÚ";"2022";4719;13110;"La Florida";13;"Metropolitana de Santiago"
"734";"PERÚ";"2022";4589;13114;"Las Condes";13;"Metropolitana de Santiago"
"735";"PERÚ";"2022";2814;13115;"Lo Barnechea";13;"Metropolitana de Santiago"
"736";"PERÚ";"2022";4406;13117;"Lo Prado";13;"Metropolitana de Santiago"
"737";"PERÚ";"2022";2482;13118;"Macul";13;"Metropolitana de Santiago"
"738";"PERÚ";"2022";3892;13119;"Maipú";13;"Metropolitana de Santiago"
"739";"PERÚ";"2022";610;13501;"Melipilla";13;"Metropolitana de Santiago"
"740";"PERÚ";"2022";6194;13122;"Peñalolén";13;"Metropolitana de Santiago"
"741";"PERÚ";"2022";2356;13123;"Providencia";13;"Metropolitana de Santiago"
"742";"PERÚ";"2022";2954;13124;"Pudahuel";13;"Metropolitana de Santiago"
"743";"PERÚ";"2022";3639;13201;"Puente Alto";13;"Metropolitana de Santiago"
"744";"PERÚ";"2022";3805;13125;"Quilicura";13;"Metropolitana de Santiago"
"745";"PERÚ";"2022";7675;13126;"Quinta Normal";13;"Metropolitana de Santiago"
"746";"PERÚ";"2022";18110;13127;"Recoleta";13;"Metropolitana de Santiago"
"747";"PERÚ";"2022";1756;13401;"San Bernardo";13;"Metropolitana de Santiago"
"748";"PERÚ";"2022";2964;13129;"San Joaquín";13;"Metropolitana de Santiago"
"749";"PERÚ";"2022";2543;13130;"San Miguel";13;"Metropolitana de Santiago"
"750";"PERÚ";"2022";44118;13101;"Santiago";13;"Metropolitana de Santiago"
"751";"PERÚ";"2022";1583;13132;"Vitacura";13;"Metropolitana de Santiago"
"752";"PERÚ";"2022";2436;13120;"Ñuñoa";13;"Metropolitana de Santiago"
"753";"PERÚ";"2022";5318;1107;"Alto Hospicio";1;"Tarapacá"
"754";"PERÚ";"2022";11122;1101;"Iquique";1;"Tarapacá"
"755";"PERÚ";"2022";890;5101;"Valparaíso";5;"Valparaíso"
"756";"PERÚ";"2022";1350;5109;"Viña del Mar";5;"Valparaíso"
"757";"R. DOMINICANA";"2022";158;2101;"Antofagasta";2;"Antofagasta"
"758";"R. DOMINICANA";"2022";154;2201;"Calama";2;"Antofagasta"
"759";"R. DOMINICANA";"2022";165;15101;"Arica";15;"Arica y Parinacota"
"760";"R. DOMINICANA";"2022";92;3101;"Copiapó";3;"Atacama"
"761";"R. DOMINICANA";"2022";65;8101;"Concepción";8;"Biobío"
"762";"R. DOMINICANA";"2022";218;4102;"Coquimbo";4;"Coquimbo"
"763";"R. DOMINICANA";"2022";132;4101;"La Serena";4;"Coquimbo"
"764";"R. DOMINICANA";"2022";46;9101;"Temuco";9;"La Araucanía"
"765";"R. DOMINICANA";"2022";80;6101;"Rancagua";6;"Libertador Gral. Bernardo O'Higgins"
"766";"R. DOMINICANA";"2022";51;10101;"Puerto Montt";10;"Los Lagos"
"767";"R. DOMINICANA";"2022";25;7301;"Curicó";7;"Maule"
"768";"R. DOMINICANA";"2022";39;7101;"Talca";7;"Maule"
"769";"R. DOMINICANA";"2022";253;13103;"Cerro Navia";13;"Metropolitana de Santiago"
"770";"R. DOMINICANA";"2022";920;13301;"Colina";13;"Metropolitana de Santiago"
"771";"R. DOMINICANA";"2022";474;13104;"Conchalí";13;"Metropolitana de Santiago"
"772";"R. DOMINICANA";"2022";1216;13106;"Estación Central";13;"Metropolitana de Santiago"
"773";"R. DOMINICANA";"2022";1813;13108;"Independencia";13;"Metropolitana de Santiago"
"774";"R. DOMINICANA";"2022";107;13109;"La Cisterna";13;"Metropolitana de Santiago"
"775";"R. DOMINICANA";"2022";276;13110;"La Florida";13;"Metropolitana de Santiago"
"776";"R. DOMINICANA";"2022";186;13114;"Las Condes";13;"Metropolitana de Santiago"
"777";"R. DOMINICANA";"2022";78;13115;"Lo Barnechea";13;"Metropolitana de Santiago"
"778";"R. DOMINICANA";"2022";237;13117;"Lo Prado";13;"Metropolitana de Santiago"
"779";"R. DOMINICANA";"2022";157;13118;"Macul";13;"Metropolitana de Santiago"
"780";"R. DOMINICANA";"2022";256;13119;"Maipú";13;"Metropolitana de Santiago"
"781";"R. DOMINICANA";"2022";39;13501;"Melipilla";13;"Metropolitana de Santiago"
"782";"R. DOMINICANA";"2022";252;13122;"Peñalolén";13;"Metropolitana de Santiago"
"783";"R. DOMINICANA";"2022";94;13123;"Providencia";13;"Metropolitana de Santiago"
"784";"R. DOMINICANA";"2022";149;13124;"Pudahuel";13;"Metropolitana de Santiago"
"785";"R. DOMINICANA";"2022";241;13201;"Puente Alto";13;"Metropolitana de Santiago"
"786";"R. DOMINICANA";"2022";247;13125;"Quilicura";13;"Metropolitana de Santiago"
"787";"R. DOMINICANA";"2022";550;13126;"Quinta Normal";13;"Metropolitana de Santiago"
"788";"R. DOMINICANA";"2022";1292;13127;"Recoleta";13;"Metropolitana de Santiago"
"789";"R. DOMINICANA";"2022";149;13401;"San Bernardo";13;"Metropolitana de Santiago"
"790";"R. DOMINICANA";"2022";143;13129;"San Joaquín";13;"Metropolitana de Santiago"
"791";"R. DOMINICANA";"2022";118;13130;"San Miguel";13;"Metropolitana de Santiago"
"792";"R. DOMINICANA";"2022";3380;13101;"Santiago";13;"Metropolitana de Santiago"
"793";"R. DOMINICANA";"2022";73;13132;"Vitacura";13;"Metropolitana de Santiago"
"794";"R. DOMINICANA";"2022";132;13120;"Ñuñoa";13;"Metropolitana de Santiago"
"795";"R. DOMINICANA";"2022";57;1107;"Alto Hospicio";1;"Tarapacá"
"796";"R. DOMINICANA";"2022";295;1101;"Iquique";1;"Tarapacá"
"797";"R. DOMINICANA";"2022";38;5101;"Valparaíso";5;"Valparaíso"
"798";"R. DOMINICANA";"2022";146;5109;"Viña del Mar";5;"Valparaíso"
"799";"URUGUAY";"2022";90;2101;"Antofagasta";2;"Antofagasta"
"800";"URUGUAY";"2022";13;2201;"Calama";2;"Antofagasta"
"801";"URUGUAY";"2022";30;15101;"Arica";15;"Arica y Parinacota"
"802";"URUGUAY";"2022";24;3101;"Copiapó";3;"Atacama"
"803";"URUGUAY";"2022";62;8101;"Concepción";8;"Biobío"
"804";"URUGUAY";"2022";67;4102;"Coquimbo";4;"Coquimbo"
"805";"URUGUAY";"2022";71;4101;"La Serena";4;"Coquimbo"
"806";"URUGUAY";"2022";56;9101;"Temuco";9;"La Araucanía"
"807";"URUGUAY";"2022";65;6101;"Rancagua";6;"Libertador Gral. Bernardo O'Higgins"
"808";"URUGUAY";"2022";45;10101;"Puerto Montt";10;"Los Lagos"
"809";"URUGUAY";"2022";43;7301;"Curicó";7;"Maule"
"810";"URUGUAY";"2022";58;7101;"Talca";7;"Maule"
"811";"URUGUAY";"2022";24;13103;"Cerro Navia";13;"Metropolitana de Santiago"
"812";"URUGUAY";"2022";124;13301;"Colina";13;"Metropolitana de Santiago"
"813";"URUGUAY";"2022";27;13104;"Conchalí";13;"Metropolitana de Santiago"
"814";"URUGUAY";"2022";60;13106;"Estación Central";13;"Metropolitana de Santiago"
"815";"URUGUAY";"2022";44;13108;"Independencia";13;"Metropolitana de Santiago"
"816";"URUGUAY";"2022";30;13109;"La Cisterna";13;"Metropolitana de Santiago"
"817";"URUGUAY";"2022";187;13110;"La Florida";13;"Metropolitana de Santiago"
"818";"URUGUAY";"2022";742;13114;"Las Condes";13;"Metropolitana de Santiago"
"819";"URUGUAY";"2022";137;13115;"Lo Barnechea";13;"Metropolitana de Santiago"
"820";"URUGUAY";"2022";32;13117;"Lo Prado";13;"Metropolitana de Santiago"
"821";"URUGUAY";"2022";91;13118;"Macul";13;"Metropolitana de Santiago"
"822";"URUGUAY";"2022";169;13119;"Maipú";13;"Metropolitana de Santiago"
"823";"URUGUAY";"2022";37;13501;"Melipilla";13;"Metropolitana de Santiago"
"824";"URUGUAY";"2022";118;13122;"Peñalolén";13;"Metropolitana de Santiago"
"825";"URUGUAY";"2022";323;13123;"Providencia";13;"Metropolitana de Santiago"
"826";"URUGUAY";"2022";46;13124;"Pudahuel";13;"Metropolitana de Santiago"
"827";"URUGUAY";"2022";114;13201;"Puente Alto";13;"Metropolitana de Santiago"
"828";"URUGUAY";"2022";38;13125;"Quilicura";13;"Metropolitana de Santiago"
"829";"URUGUAY";"2022";48;13126;"Quinta Normal";13;"Metropolitana de Santiago"
"830";"URUGUAY";"2022";36;13127;"Recoleta";13;"Metropolitana de Santiago"
"831";"URUGUAY";"2022";35;13401;"San Bernardo";13;"Metropolitana de Santiago"
"832";"URUGUAY";"2022";37;13129;"San Joaquín";13;"Metropolitana de Santiago"
"833";"URUGUAY";"2022";41;13130;"San Miguel";13;"Metropolitana de Santiago"
"834";"URUGUAY";"2022";475;13101;"Santiago";13;"Metropolitana de Santiago"
"835";"URUGUAY";"2022";215;13132;"Vitacura";13;"Metropolitana de Santiago"
"836";"URUGUAY";"2022";320;13120;"Ñuñoa";13;"Metropolitana de Santiago"
"837";"URUGUAY";"2022";17;1107;"Alto Hospicio";1;"Tarapacá"
"838";"URUGUAY";"2022";51;1101;"Iquique";1;"Tarapacá"
"839";"URUGUAY";"2022";108;5101;"Valparaíso";5;"Valparaíso"
"840";"URUGUAY";"2022";186;5109;"Viña del Mar";5;"Valparaíso"
"841";"VENEZUELA";"2022";6789;2101;"Antofagasta";2;"Antofagasta"
"842";"VENEZUELA";"2022";2174;2201;"Calama";2;"Antofagasta"
"843";"VENEZUELA";"2022";2902;15101;"Arica";15;"Arica y Parinacota"
"844";"VENEZUELA";"2022";2382;3101;"Copiapó";3;"Atacama"
"845";"VENEZUELA";"2022";8244;8101;"Concepción";8;"Biobío"
"846";"VENEZUELA";"2022";3571;4102;"Coquimbo";4;"Coquimbo"
"847";"VENEZUELA";"2022";5257;4101;"La Serena";4;"Coquimbo"
"848";"VENEZUELA";"2022";3794;9101;"Temuco";9;"La Araucanía"
"849";"VENEZUELA";"2022";8712;6101;"Rancagua";6;"Libertador Gral. Bernardo O'Higgins"
"850";"VENEZUELA";"2022";7398;10101;"Puerto Montt";10;"Los Lagos"
"851";"VENEZUELA";"2022";4518;7301;"Curicó";7;"Maule"
"852";"VENEZUELA";"2022";7584;7101;"Talca";7;"Maule"
"853";"VENEZUELA";"2022";1584;13103;"Cerro Navia";13;"Metropolitana de Santiago"
"854";"VENEZUELA";"2022";1956;13301;"Colina";13;"Metropolitana de Santiago"
"855";"VENEZUELA";"2022";2764;13104;"Conchalí";13;"Metropolitana de Santiago"
"856";"VENEZUELA";"2022";27815;13106;"Estación Central";13;"Metropolitana de Santiago"
"857";"VENEZUELA";"2022";22253;13108;"Independencia";13;"Metropolitana de Santiago"
"858";"VENEZUELA";"2022";6841;13109;"La Cisterna";13;"Metropolitana de Santiago"
"859";"VENEZUELA";"2022";12284;13110;"La Florida";13;"Metropolitana de Santiago"
"860";"VENEZUELA";"2022";6436;13114;"Las Condes";13;"Metropolitana de Santiago"
"861";"VENEZUELA";"2022";1041;13115;"Lo Barnechea";13;"Metropolitana de Santiago"
"862";"VENEZUELA";"2022";1979;13117;"Lo Prado";13;"Metropolitana de Santiago"
"863";"VENEZUELA";"2022";7087;13118;"Macul";13;"Metropolitana de Santiago"
"864";"VENEZUELA";"2022";7355;13119;"Maipú";13;"Metropolitana de Santiago"
"865";"VENEZUELA";"2022";1618;13501;"Melipilla";13;"Metropolitana de Santiago"
"866";"VENEZUELA";"2022";3492;13122;"Peñalolén";13;"Metropolitana de Santiago"
"867";"VENEZUELA";"2022";4983;13123;"Providencia";13;"Metropolitana de Santiago"
"868";"VENEZUELA";"2022";3216;13124;"Pudahuel";13;"Metropolitana de Santiago"
"869";"VENEZUELA";"2022";6839;13201;"Puente Alto";13;"Metropolitana de Santiago"
"870";"VENEZUELA";"2022";4668;13125;"Quilicura";13;"Metropolitana de Santiago"
"871";"VENEZUELA";"2022";12203;13126;"Quinta Normal";13;"Metropolitana de Santiago"
"872";"VENEZUELA";"2022";4900;13127;"Recoleta";13;"Metropolitana de Santiago"
"873";"VENEZUELA";"2022";3911;13401;"San Bernardo";13;"Metropolitana de Santiago"
"874";"VENEZUELA";"2022";5062;13129;"San Joaquín";13;"Metropolitana de Santiago"
"875";"VENEZUELA";"2022";18744;13130;"San Miguel";13;"Metropolitana de Santiago"
"876";"VENEZUELA";"2022";110128;13101;"Santiago";13;"Metropolitana de Santiago"
"877";"VENEZUELA";"2022";775;13132;"Vitacura";13;"Metropolitana de Santiago"
"878";"VENEZUELA";"2022";13574;13120;"Ñuñoa";13;"Metropolitana de Santiago"
"879";"VENEZUELA";"2022";1033;1107;"Alto Hospicio";1;"Tarapacá"
"880";"VENEZUELA";"2022";4282;1101;"Iquique";1;"Tarapacá"
"881";"VENEZUELA";"2022";6000;5101;"Valparaíso";5;"Valparaíso"
"882";"VENEZUELA";"2022";9222;5109;"Viña del Mar";5;"Valparaíso"
